<?xml version="1.0" encoding="utf-8"?>
<familyset version="22">
    <family name="sans-serif">
        <font weight="100" style="normal">Inter-Thin.otf</font>
        <font weight="100" style="italic">Inter-ThinItalic.otf</font>
        <font weight="200" style="normal">Inter-ExtraLight.otf</font>
        <font weight="200" style="italic">Inter-ExtraLightItalic.otf</font>
        <font weight="300" style="normal">Inter-Light.otf</font>
        <font weight="300" style="italic">Inter-LightItalic.otf</font>
        <font weight="400" style="normal">Inter-Regular.otf</font>
        <font weight="400" style="italic">Inter-Italic.otf</font>
        <font weight="500" style="normal">Inter-Medium.otf</font>
        <font weight="500" style="italic">Inter-MediumItalic.otf</font>
        <font weight="700" style="normal">Inter-Bold.otf</font>
        <font weight="700" style="italic">Inter-BoldItalic.otf</font>
        <font weight="900" style="normal">Inter-Black.otf</font>
        <font weight="900" style="italic">Inter-BlackItalic.otf</font>
    </family>

    <alias name="sans-serif-thin" to="sans-serif" weight="100" />
    <alias name="sans-serif-light" to="sans-serif" weight="300" />
    <alias name="sans-serif-medium" to="sans-serif" weight="500" />
    <alias name="sans-serif-black" to="sans-serif" weight="900" />
    <alias name="arial" to="sans-serif" />
    <alias name="helvetica" to="sans-serif" />
    <alias name="tahoma" to="sans-serif" />
    <alias name="verdana" to="sans-serif" />
    <alias name="sans-serif-condensed" to="sans-serif" />
</familyset>
