<?xml version="1.0" encoding="utf-8"?>
<familyset version="22">
    <family name="sans-serif">
        <font weight="100" style="normal">Manrope-ExtraLight.otf</font>
        <font weight="300" style="normal">Manrope-Light.otf</font>
        <font weight="400" style="normal">Manrope-Regular.otf</font>
        <font weight="500" style="normal">Manrope-Medium.otf</font>
        <font weight="600" style="normal">Manrope-SemiBold.otf</font>
        <font weight="700" style="normal">Manrope-Bold.otf</font>
        <font weight="900" style="normal">Manrope-ExtraBold.otf</font>
    </family>

    <alias name="sans-serif-thin" to="sans-serif" weight="100" />
    <alias name="sans-serif-light" to="sans-serif" weight="300" />
    <alias name="sans-serif-medium" to="sans-serif" weight="500" />
    <alias name="sans-serif-black" to="sans-serif" weight="900" />
    <alias name="arial" to="sans-serif" />
    <alias name="helvetica" to="sans-serif" />
    <alias name="tahoma" to="sans-serif" />
    <alias name="verdana" to="sans-serif" />
    <alias name="sans-serif-condensed" to="sans-serif" />
</familyset>
