<?xml version="1.0" encoding="utf-8"?>
<familyset version="22">
    <family name="sans-serif">
       <font weight="100" style="normal">OnePlusSans-Thin.ttf</font>
       <font weight="100" style="italic">OnePlusSans-ThinItalic.ttf</font>
       <font weight="300" style="normal">OnePlusSans-Light.ttf</font>
       <font weight="300" style="italic">OnePlusSans-LightItalic.ttf</font>
       <font weight="400" style="normal">OnePlusSans-Regular.ttf</font>
       <font weight="400" style="italic">OnePlusSans-Italic.ttf</font>
       <font weight="500" style="normal">OnePlusSans-Medium.ttf</font>
       <font weight="500" style="italic">OnePlusSans-MediumItalic.ttf</font>
       <font weight="900" style="normal">OnePlusSans-Black.ttf</font>
       <font weight="900" style="italic">OnePlusSans-BlackItalic.ttf</font>
       <font weight="700" style="normal">OnePlusSans-Bold.ttf</font>
       <font weight="700" style="italic">OnePlusSans-BoldItalic.ttf</font>
    </family>

    <alias name="sans-serif-thin" to="sans-serif" weight="100" />
    <alias name="sans-serif-light" to="sans-serif" weight="300" />
    <alias name="sans-serif-medium" to="sans-serif" weight="500" />
    <alias name="sans-serif-black" to="sans-serif" weight="900" />
    <alias name="arial" to="sans-serif" />
    <alias name="helvetica" to="sans-serif" />
    <alias name="tahoma" to="sans-serif" />
    <alias name="verdana" to="sans-serif" />
    <alias name="sans-serif-condensed" to="sans-serif" />
</familyset>
